text,label
"Отличный фильм! Сюжет держит в напряжении до самых титров, актёры сыграли великолепно.",0
"Очень понравился новый сезон сериала. Персонажи развиваются, сюжет стал ещё интереснее.",0
"Шедевр! Один из лучших фильмов этого года, обязательно посмотрите всем.",0
"Крутая картина, визуал огонь, саундтрек просто бомба.",0
"Фильм затянул с первой минуты. Уже хочу посмотреть ещё раз.",0
"Лучший супергеройский фильм за последние годы!",0
"Классика, которую можно пересматривать бесконечно.",0
"Эмоционально очень сильно, слезу вышибло в конце.",0
"Рекомендую всем друзьям, не пожалеете!",0
"Сериал просто космос! Жду каждый новый эпизод.",0
"Средненький фильм. Можно посмотреть вечером, но ничего выдающегося.",1
"Нормальный фильм для одного вечера. Ни хорошо, ни плохо.",1
"Обычный проходной фильм, ничего запоминающегося.",1
"Фильм как фильм. Посмотрел и забыл на следующий день.",1
"Неплохо, но и не супер. Средний уровень.",1
"Смотрел без особого интереса, но и не скучал.",1
"Типичный голливудский продукт. Всё на своих местах.",1
"Ничего нового, но сделано качественно.",1
"Можно включить фоном, пока занимаешься делами.",1
"Ожидал большего, но в целом нормально.",1
"Полное разочарование. Скучно, предсказуемо, эффекты дешёвые.",2
"Не рекомендую. Сюжет слабый, диалоги искусственные.",2
"Два часа жизни потрачено зря. Ужасный фильм.",2
"Скучнее не придумаешь. Еле досмотрел до конца.",2
"Актёрская игра отвратительная, сюжет полный бред.",2
"Перехваленный фильм. На деле — сплошное разочарование.",2
"Очень слабая картина, даже на один просмотр не тянет.",2
"Зря потратил деньги и время. Никому не советую.",2
"Сериал провалился уже на втором сезоне.",2
"Полная ерунда, лучше почитайте книгу.",2
"Визуально красиво, но сюжет полный бред. Красивая обёртка для пустоты.",3
"Актёрская игра на высоте, но концовка испортила всё впечатление.",3
"Смешанные чувства: первые серии были крутые, а потом всё пошло под откос.",3
"Очень атмосферно, но слишком затянуто. Можно было сократить на 40 минут.",3
"Сарказм уровня бог: герой спас мир, а потом всё равно все умерли 😂",3
"Хороший визуал и музыка, но история слабовата.",3
"Начало сильное, середина отличная, а финал разочаровал.",3
"Фильм одновременно и понравился, и разочаровал.",3
"Красиво снято, но смысл где-то потерялся по дороге.",3
"Интересная идея, но реализация хромает.",3
"Отличный фильм! Сюжет держит в напряжении до самых титров, актёры сыграли великолепно. Рекомендую!",0
"Очень понравился новый сезон. Персонажи стали глубже, а сюжет закрутился ещё сильнее.",0
"Шедевр современного кино. Эмоционально и визуально на высшем уровне.",0
"Круто! Не ожидал, что будет так хорошо.",0
"Фильм затянул меня полностью. Смотрел на одном дыхании.",0
"Лучший фильм года без всяких сомнений!",0
"Классика жанра. После просмотра остался под большим впечатлением.",0
"Эмоционально очень мощно, долго отходил после финала.",0
"Сериал огонь! Уже посоветовал всем знакомым.",0
"Средний фильм, подойдёт для расслабленного вечера.",1
"Ничего особенного, но и не плохо. Можно посмотреть.",1
"Обычный фильм без ярких эмоций.",1
"Посмотрел и забыл. Ничего запоминающегося.",1
"Типичная голливудская продукция.",1
"Смотрел без особого восторга.",1
"Неплохой, но далеко не шедевр.",1
"Можно включить, если нечего смотреть.",1
"Ожидал чуть большего, но в целом ок.",1
"Фильм не оправдал ожиданий. Скучно и предсказуемо.",2
"Зря потратил время. Полный отстой.",2
"Слабый сюжет, слабая игра, слабый фильм.",2
"Не советую никому. Очень разочарован.",2
"Один из худших фильмов, что я видел за последнее время.",2
"Переоценённый фильм. На деле — посредственность.",2
"Скучно, долго, неинтересно.",2
"Досмотрел только из уважения к актёрам.",2
"Полная чушь. Лучше потратьте время на что-то другое.",2
"Красивая картинка, но за ней ничего нет.",3
"Хорошие актёры, но сценарий подкачал.",3
"Начало понравилось, а дальше всё стало хуже.",3
"Смешанные впечатления после просмотра.",3
"Визуально шикарно, а по содержанию — средне.",3
"Есть сильные моменты, но есть и откровенно слабые.",3
"Фильм оставил двоякое впечатление.",3
"Идея интересная, но исполнение среднее.",3
"Местами круто, местами — проходной материал.",3
"Фильм получился очень динамичным и захватывающим.",0
"Сериал превзошёл все мои ожидания. Каждый эпизод лучше предыдущего.",0
"Актёры подобраны идеально, химия между ними просто невероятная.",0
"Один из тех фильмов, после которого хочется обсуждать часами.",0
"Вау-эффект на максимуме! Рекомендую на большом экране.",0
"Очень тёплая и душевная история. Зарядился позитивом.",0
"Сюжет закручен мастерски, ни одного слабого момента.",0
"Лучший фильм в своей франшизе на данный момент.",0
"Эмоции переполняют. Фильм трогает до глубины души.",0
"Сериал стал настоящим открытием этого года.",0
"Фильм средний по всем параметрам. Ни рыба ни мясо.",1
"Посмотрел, чтобы убить время. Нормально прошёл вечер.",1
"Ничего выдающегося, но и не раздражает.",1
"Стандартный продукт для стриминга.",1
"Можно посмотреть, если очень скучно.",1
"Типичная летняя развлекательная картина.",1
"Не запомнился ничем особенным.",1
"Середнячок. Таких фильмов выходит много.",1
"Смотрел на фоне, пока занимался другими делами.",1
"Ожидания были выше, чем результат.",1
"Один из самых скучных фильмов, что я видел в этом году.",2
"Полный провал. Сценарий написан будто школьником.",2
"Актёры старались, но материал был слишком слабый.",2
"Не понимаю, зачем вообще снимали этот фильм.",2
"Раздражает каждая минута просмотра.",2
"Очень слабая режиссура и монтаж.",2
"Фильм оставил после себя только раздражение.",2
"Хуже, чем ожидалось. Полное разочарование.",2
"Сериал начал хорошо, а потом скатился в полную ерунду.",2
"Деньги и время потрачены впустую.",2
"Красивая картинка спасает только половину фильма.",3
"Сильное начало и очень слабый финал.",3
"Есть моменты, которые цепляют, но много воды.",3
"Фильм пытается быть умным, но не дотягивает.",3
"Смешно и грустно одновременно.",3
"Хорошая идея, но исполнение оставляет желать лучшего.",3
"Местами очень сильно, местами — проходной материал.",3
"Двоякое впечатление после просмотра.",3
"Актёрская игра спасает довольно слабый сценарий.",3
"Фильм выглядит дорого, но по сути пустой.",3
"Очень красивый визуал, но история банальная.",3
"Сериал интересный, но слишком много filler-эпизодов.",3
"Первые две серии были огонь, дальше стало скучнее.",3
"Фильм оставил больше вопросов, чем ответов.",3
"Хороший каст, но сюжет предсказуем на 100%.",3
"Смешанные чувства: и понравилось, и разочаровало.",3
"Сюжет интересный, но реализация хромает.",3
"Фильм пытается затронуть серьёзные темы, но делает это поверхностно.",3
"Красиво снято, но эмоционально не зацепило.",3
"Есть крутые сцены, но в целом ощущение недосказанности.",3
"Отличный саундтрек спасает довольно средний сюжет.",3
"Фильм получился атмосферным, но слишком медленным.",3
"Хорошая попытка, но не хватило глубины.",3
"Сериал имеет потенциал, но пока не раскрылся полностью.",3
"Визуально очень сильный фильм, по содержанию — средне.",3
"Много ярких моментов, но есть и откровенно слабые.",3
"Фильм понравился, но не без недостатков.",3
"Интересная концепция, слабая реализация.",3
"Смотрел с удовольствием, но ожидал большего.",3
"Сильные актёры, слабый сценарий.",3
"Фильм оставил после себя странное послевкусие.",3
"Красиво, стильно, но пустовато.",3
"Есть над чем подумать, но финал разочаровал.",3
"Сериал начал мощно, а потом потерял темп.",3
"Очень амбициозный проект, но не всё получилось.",3
"Фильм вызывает противоречивые эмоции.",3
"Хорошая работа оператора, но история слабая.",3
"Местами гениально, местами — откровенная халтура.",3
"Сюжет закручен хорошо, но персонажи плоские.",3
"Фильм выглядит дорого, но по сути — среднячок.",3
"Интересно было смотреть, но после финала осталось ощущение пустоты.",3
"Сильные первые 30 минут, дальше — спад.",3
"Фильм пытается быть серьёзным, но выходит смешно.",1
"Хороший каст не спас слабый сценарий.",3
"Сериал имеет потенциал стать культовым, но пока рано судить.",3
"Визуал на высоте, сюжет средний.",3
"Есть несколько запоминающихся сцен, но в целом проходной фильм.",3
"Фильм оставил больше вопросов, чем дал ответов.",3
"Смешанные впечатления: местами круто, местами скучно.",3
"Очень стильный фильм, но по содержанию слабоват.",3
"Сериал интересный, но слишком затянутый.",3
"Фильм понравился визуально, но эмоционально не зацепил.",3
"Хорошая идея, плохая реализация.",3
"Смотрел с интересом, но концовка подкачала.",3
"Атмосферно, но слишком медленно.",3
"Фильм вызывает противоречивые чувства.",3
"Сильный актёрский состав, слабый сюжет.",3
"Есть над чем подумать после просмотра.",3
"Красивая картинка, пустое содержание.",1
"Сериал начал хорошо, но потом скатился.",3
"Фильм оставил странное послевкусие.",3
"Много ярких моментов, но не хватает цельности.",3
"Интересная концепция, средняя реализация.",3
"Смотрел с удовольствием, но ожидал большего.",3
"Фильм вызывает много эмоций, но не всегда положительных.",3
"Хорошая работа режиссёра, но сценарий подкачал.",3
"Сериал имеет потенциал, но пока не раскрылся.",1
"Визуально сильный фильм, по сути — средний.",3
"Есть крутые сцены, но общий сюжет слабоват.",3
"Фильм оставил больше вопросов, чем ответов.",3
"Смешанные впечатления после просмотра.",3
"Очень амбициозный проект с неоднозначным результатом.",3
"Фильм пытается быть глубоким, но не всегда получается.",3
"Сильные моменты чередуются со слабыми.",3
"Сериал интересный, но слишком много воды.",1
"Фильм понравился, но не без серьёзных недостатков.",3
"Интересно было смотреть, но после финала осталось ощущение недосказанности.",3
"Хороший каст, слабый сценарий.",3
"Фильм вызывает противоречивые эмоции.",3
"Стильно снято, но по содержанию пустовато.",3
"Есть над чем подумать, но финал разочаровал.",3
"Сериал начал мощно, а потом потерял темп.",3
"Очень красивый фильм, но история банальная.",3
"Местами гениально, местами — проходной материал.",3
"Фильм оставил после себя странное впечатление.",3
"Сильное начало и слабый финал.",1
"Хорошая идея, но исполнение среднее.",3
"Смотрел с интересом, но концовка подкачала.",3
"Атмосферно, но слишком медленно.",3
"Фильм вызывает много эмоций, но не всегда положительных.",3
"Сериал имеет потенциал стать хитом, но пока рано говорить.",3
"Брат, этот фильм — просто космос 🚀 Смотрел с открытым ртом весь сеанс.",0
"Сериал уровня «я не спал всю ночь, потому что надо было досмотреть» 🔥",0
"После этого фильма я неделю ходил под впечатлением. Маст хэв!",0
"Вау, даже не ожидал, что российское кино может быть таким мощным.",0
"Фильм разнёс мне мозг. Теперь всё в жизни вижу по-другому.",0
"10/10, без вопросов. Уже третий раз пересматриваю.",0
"Это не фильм, это терапия. Плакал как ребёнок в конце.",0
"Сюжет такой закрученный, что я три раза перематывал назад 😂",0
"Актёры отыграли так, будто им за это Оскар уже вручили.",0
"Сериал затянул сильнее, чем тикток в 3 часа ночи.",0
"Ну такое... можно было и не смотреть, честно.",1
"Фильмец как фильмец. Включил — выключил — забыл.",1
"Среднячок, который не испортит вечер, но и не улучшит.",1
"Норм, но я уже через 20 минут в телефон полез.",1
"Типа «посмотрел, потому что все смотрят». Ничего особенного.",1
"Один раз посмотреть можно, второй — уже не хочется.",1
"Фильм как фоновая музыка — есть, и ладно.",1
"Ожидал треш, а получил просто скуку.",1
"Ну окей, не зря потратил время... но и не сказать что зря.",1
"Полный отстой. Даже на скорости 2x досмотреть не смог.",2
"Это что вообще было?! Два часа моей жизни в помойку.",2
"Хуже только зубной врач без анестезии.",2
"Сценарий писал явно ИИ после трёх бутылок энергетика.",2
"Актёры старались, но материал был мертвее мертвого.",2
"Фильм такой плохой, что даже мемов из него не сделаешь.",2
"Зря я это посмотрел. Теперь настроение на нуле.",2
"Один из самых переоценённых фильмов всех времён.",2
"Сериал начал неплохо, а потом стал просто мучением.",2
"Не фильм, а испытание на терпение.",2
"После этого «шедевра» хочется удалить приложение стриминга.",2
"Визуал — 10/10, сюжет — 2/10. Красивая пустышка 😂",3
"Фильм как шведский стол: есть вкусное, а есть то, что лучше не трогать.",3
"Начало — огонь, середина — норм, конец — «что это вообще было?»",3
"Смотрел и не понимал: то ли гениально, то ли полный бред.",3
"Очень странное кино. То ли шедевр, то ли провал — до сих пор не решил.",3
"Фильм пытается быть глубоким, но выходит просто «глубоко в...».",3
"Сарказм зашкаливает: герои спасают мир, а я спасал зевоту.",3
"Красиво, стильно, атмосферно... и совершенно бессмысленно.",3
"Сериал как американские горки: то взлёт, то такой спад, что тошнит.",3
"Есть моменты, от которых мурашки, а есть от которых хочется выключить.",3
"Фильм оставил меня в состоянии «ну и что это было?»",3
"Очень амбициозно, но где-то по дороге авторы потеряли сюжет.",3
"Смотрел с интересом, но в конце просто устало вздохнул.",3
"Красивая обёртка, а внутри — воздух.",3
"Фильм как современное искусство: кто-то скажет гениально, а я скажу «ок».",3
"Смешал в одном фильме всё: и драму, и комедию, и треш. Получилось... странно.",3
"После просмотра хочется почитать отзывы, чтобы понять, что я только что посмотрел.",3
"Сильный визуал, слабый сценарий, средние эмоции. Итог — 5/10.",3
"Фильм как мем: сначала смешно, потом грустно, потом «зачем я это смотрел».",3
"Очень необычный фильм. Не знаю, понравился ли он мне, но точно запомнился.",3
"Сериал начал как шедевр, а закончил как типичный сезон filler'ов.",3
"То ли я слишком тупой для этого фильма, то ли фильм слишком умный для меня.",3
"Красиво снято, но после финала хочется спросить: «И это всё?»",3
"Фильм вызывает ощущение, будто тебя обманули, но красиво.",3
"Смешанные чувства на максималках. То восхищаюсь, то раздражаюсь.",3
"Очень стильное кино, но по сути — просто красивая болтовня.",3
"Фильм пытался сказать что-то важное, но я так и не понял что именно.",3
"Сериал как дорогой ресторан: выглядит круто, а на вкус — средне.",3
"После этого фильма у меня осталось больше вопросов, чем после экзамена по физике.",3
"Необычное кино. Не для всех, но точно не забудешь.",3
"Визуал огонь, сюжет как у студента на паре в 8 утра.",3
"Фильм оставил меня в лёгком недоумении и с желанием переспать с этим впечатлением.",3
"Саркастический шедевр или просто неудачная попытка — до сих пор думаю.",3
"Красиво, дорого, но внутри пусто, как в холодильнике холостяка.",3
"Фильм как тикток: ярко, быстро, а через 5 минут уже не помнишь о чём было.",3
"Очень атмосферно, но сюжет где-то потерялся между красивыми кадрами.",3
"Смотрел и думал: то ли это гениально, то ли просто дорогое говно.",3
"Фильм вызывает желание обсудить его с кем-нибудь часами.",3
"Необычный, странный, но точно не проходной фильм.",3
"Сериал как жизнь: иногда огонь, иногда — «за что мне это».",3
"Фильм оставил послевкусие дорогого вина... которое немного прокисло.",3
"Сильные эмоции, но не всегда приятные.",3
"Очень амбициозный проект, который не во всём удался.",3
"Фильм как современное искусство — кто-то в восторге, а я просто стою и смотрю.",3
"После просмотра хочется либо поставить 10/10, либо удалить из памяти.",3
"Необычное кино, которое точно стоит посмотреть хотя бы раз.",3
"Смешал всё в кучу и получилось... интересно.",3
"Фильм вызывает противоречивые чувства, но точно не оставляет равнодушным.",3
"Сериал начал мощно, а потом стал экспериментом над зрителем.",3
"Очень красивый фильм с довольно спорным содержанием.",3
"После этого кино я долго сидел и просто смотрел в стену.",3
"Фильм как загадка: красивая, но ответа так и не нашёл.",3
"Необычный, странный, местами гениальный, местами — полный треш.",3
"Смотрел с интересом, но в конце просто пожал плечами.",3
"Фильм оставил меня в состоянии «ну ладно...».",3
"Сериал имеет потенциал, но пока больше вопросов, чем ответов.",3
"Очень стильное и атмосферное кино с довольно слабым сюжетом.",3
"Фильм вызывает желание пересмотреть, чтобы понять, что я пропустил.",3
"Необычное кино, которое либо полюбишь, либо возненавидишь.",3
"После просмотра осталось чувство, что меня красиво обманули.",3
"Смешанные эмоции на уровне «я в шоке, но в хорошем смысле».",3
"Фильм как эксперимент: смелый, но не всегда удачный.",3
"Очень необычный фильм. До сих пор не могу понять, понравился он мне или нет.",3
"Блин, ребята, это просто бомба! Смотрел до 4 утра, не мог оторваться 🔥",0
"Один из лучших фильмов, что я видел за последние 5 лет. Реально зацепило.",0
"Сериал огонь! Уже всем своим разослал ссылку, смотрите срочно.",0
"После финала сидел 10 минут в тишине... мощно сделали, уважуха.",0
"Актёры просто звери, каждый кадр отыгрывают на 200%.",0
"Фильм реально заставил меня поплакать, хотя я редко эмоционирую.",0
"10 из 10. Без шуток. Уже планирую пересмотр.",0
"Сюжет закручен так, что я ни разу не предугадал поворот.",0
"Это кино надо смотреть в кинотеатре, на большом экране эффект совсем другой.",0
"Сериал затянул сильнее, чем любой сериал за последние годы.",0
"Ну норм фильм, можно было и посмотреть.",1
"Так себе, но и не отстой. Средний вечерний вариант.",1
"Посмотрел, потому что все хвалили. Ожидал больше.",1
"Ничего такого, что запомнится надолго.",1
"Обычный фильм на один раз.",1
"Смотрел и думал: «ну ладно, хотя бы не зря время не потратил».",1
"Средне. Ни да, ни нет.",1
"Типичный контент для фона.",1
"Не плохо, но и не хорошо. Просто есть.",1
"Ожидал треш, а получил просто скукотищу.",1
"Полный провал. Даже не досмотрел до середины.",2
"Зря потратил вечер. Лучше бы сериал какой нормальный включил.",2
"Фильм такой плохой, что я начал проверять телефон уже через 15 минут.",2
"Сценарий будто писал человек, который никогда не смотрел кино.",2
"Разочарование года. Серьёзно.",2
"Актёры старались, но материал был просто ужасный.",2
"Не понимаю, как такое вообще могли выпустить.",2
"После этого фильма настроение испортилось на весь день.",2
"Хуже только пробки в час пик.",2
"Сериал скатился в полное говно уже к третьему сезону.",2
"Визуал красивый, а сюжет как у пятиклассника.",3
"Сначала было интересно, а потом я начал громко вздыхать.",3
"Фильм как лотерея: то выигрыш, то полная фигня.",3
"Смешанные чувства. То нравится, то бесит.",3
"Красиво снято, но мозг иногда кипел от «ну серьёзно?»",3
"Сериал начал как шедевр, а закончил как типичный сериал Netflix.",1
"Местами гениально, местами хочется выключить и никогда не включать.",3
"После просмотра сижу и думаю: то ли я чего-то не понял, то ли они сами не поняли.",3
"Очень странное кино. Запомню надолго, но пересматривать не буду.",3
"Фильм пытается быть умным, но выходит просто претенциозно.",3
"Сарказм зашкаливает: «вау, какой глубокий смысл» 😂",3
"Красивая картинка спасает довольно слабую историю.",3
"Смотрел и периодически говорил вслух «ну это же бред».",3
"Есть крутые моменты, но в целом ощущение, что могли сделать лучше.",3
"Фильм оставил меня в состоянии «ну и ладно».",1
"Сильный старт, слабый финиш. Классика жанра.",3
"Очень атмосферно, но сюжет где-то потерялся по дороге.",3
"Сериал как дорогой ужин: выглядит круто, а наелся — и забыл.",3
"После финала сидел и просто хлопал глазами.",3
"Фильм вызывает желание почитать отзывы других, чтобы понять, один я такой или все.",3
"Необычное кино. Либо ты в него влюбляешься, либо ненавидишь.",3
"Смешал драму, комедию и триллер в один котёл. Получилось... интересно.",3
"Смотрел с удовольствием, но в конце просто пожал плечами.",3
"Фильм как современное искусство — кто-то в восторге, а я стою и чешу затылок.",3
"Очень амбициозно, но не всё зашло.",3
"Сериал имеет потенциал, но пока больше вопросов, чем ответов.",3
"Красиво, стильно, дорого... и довольно пусто внутри.",3
"Фильм оставил после себя странное послевкусие.",3
"То ли гениально, то ли просто дорогое говно — до сих пор думаю.",3
"Сильные эмоции, но не всегда приятные.",3
"После этого фильма хочется обсудить его с кем-нибудь умным.",0
"Необычный фильм, который точно не оставит равнодушным.",3
"Смотрел и думал: «ну ничего себе поворот» почти каждый эпизод.",3
"Фильм как жизнь — иногда огонь, иногда полная хрень.",3
"Очень стильное кино с довольно спорным содержанием.",3
"Сериал начал мощно, а потом стал экспериментом над моим терпением.",3
"Фильм вызывает противоречивые чувства, но точно запомнится.",3
"Красивая обёртка, а внутри довольно средне.",3
"Смотрел с интересом, но после финала осталось ощущение недосказанности.",3
"Необычное, странное, но точно не проходное кино.",3
"Фильм как хороший кофе: сначала бодрит, а потом понимаешь, что мог быть лучше.",3
"Сильный визуал, средний сюжет, смешанные эмоции.",3
"После просмотра сижу и перевариваю то, что только что увидел.",3
"Очень амбициозный проект, который удался процентов на 70.",3
"Фильм вызывает желание пересмотреть, чтобы понять, что я пропустил.",3
"Необычное кино. Либо полюбишь, либо возненавидишь с первого взгляда.",3
"Смешанные эмоции на максималках.",3
"Фильм как эксперимент: смелый, но результат спорный.",3
"После этого фильма я долго не мог заснуть — думал о смысле.",3
"Сериал имеет все шансы стать культовым... или провалиться.",2
"Очень красивый фильм с довольно слабым эмоциональным наполнением.",3
"Фильм оставил меня в лёгком шоке и с кучей вопросов.",3
"Необычное кино, которое стоит посмотреть хотя бы ради эксперимента.",3
"Смотрел и периодически ловил себя на мысли «это реально круто» и «это что вообще».",3
"Фильм вызывает желание поставить оценку 8, но потом думаешь — нет, всё-таки 6.",3
"Сильный каст, слабоватый сценарий, но в целом интересно.",3
"После просмотра хочется написать длинный пост в тг, но я просто сижу и молчу.",3
"Очень живой и необычный фильм. Таких мало.",3
"Сериал как американские горки: то восторг, то разочарование.",3
"Фильм оставил после себя странное, но приятное послевкусие.",3
"Необычное кино, которое точно стоит вашего внимания.",3
"После Оппенгеймера сидел в тишине 10 минут... Нолан снова сделал это. Мощнейший фильм года!",0
"Сериал просто разнёс мозг! Каждый эпизод лучше предыдущего, уже жду второй сезон как маньяк 🔥",0
"Актёры отыграли на таком уровне, что я поверил в каждого персонажа. Маст хэв 2025!",0
"Фильм эмоционально выжал меня досуха. Плакал как ребёнок, хотя обычно держусь.",0
"10/10 без вопросов. Уже третий раз пересматриваю отдельные сцены.",0
"Сюжет закручен мастерски, ни одного слабого момента. Лучшее кино за последние годы.",0
"Визуал и звук на уровне, от которого мурашки по коже. Смотрел в кинотеатре — вау-эффект полный!",0
"Это не просто фильм, это событие. После просмотра долго обсуждал с друзьями.",0
"Российское кино наконец-то показало, что может быть на мировом уровне. Горжусь!",0
"Затянул с первой минуты. Уже всем разослал ссылку — смотрите обязательно!",0
"Ну такое... посмотрел, потому что все хвалили. Ожидал гораздо больше.",1
"Средний фильм на один вечер. Ни сильно понравилось, ни сильно разочаровало.",1
"Нормально прошёл время, но ничего запоминающегося не осталось.",1
"Типичный проходной контент. Можно включить, если совсем нечего смотреть.",1
"Ожидал треш или шедевр, а получил просто «окей, фильм как фильм».",1
"Смотрел без особого интереса, но и не скучал. Середнячок.",1
"Ничего нового, всё уже где-то видел. Качественно, но предсказуемо.",1
"Фильм как фон — есть звук, но можно и не слушать.",1
"Один раз посмотреть можно, второй уже точно не захочется.",1
"Средне. Ни да, ни нет. Просто ещё один фильм в копилке.",1
"Полный отстой. Два часа жизни в помойку, лучше бы поспал.",2
"Зря потратил деньги и время. Один из худших фильмов года.",2
"Сценарий писал будто ИИ после трёх энергетиков. Полный бред.",2
"Актёры старались, но материал был мертвее мёртвого.",2
"Не понимаю, как такое вообще пропустили в прокат. Разочарование полное.",2
"Фильм такой плохой, что даже мемов нормальных не сделать.",2
"После просмотра настроение испортилось на весь вечер.",2
"Хуже только зубной врач без обезболивающего. Никому не советую.",2
"Сериал начал неплохо, а потом скатился в полную ерунду.",2
"Деньги на билет лучше потратить на кофе и булочку.",2
"Визуал огонь, а сюжет как у студента на паре в 8 утра 😂",3
"Сначала было круто, потом началось «ну серьёзно?» каждые 10 минут.",3
"Фильм как шведский стол: есть вкусное, а есть то, что лучше не трогать.",3
"Смешанные чувства на максималках. То восхищаюсь, то бесит.",3
"Красивая картинка спасает довольно слабую историю.",0
"Начало мощное, середина норм, конец — «что это вообще было?»",3
"То ли гениально, то ли просто дорогое говно — до сих пор не понял.",3
"Сериал начал как шедевр, а закончил как типичный сезон-филлер.",3
"Местами мурашки, местами хочется выключить и забыть.",3
"После финала сидел и думал: то ли я чего-то не догнал, то ли они сами.",3
"Очень странное кино. Запомню надолго, но пересматривать точно не буду.",3
"Фильм пытается быть глубоким, но выходит просто претенциозно.",3
"Сарказм зашкаливает: «вау, какой глубокий смысл» 😂",3
"Есть крутые моменты, но в целом ощущение недосказанности.",3
"Смотрел и периодически говорил вслух «ну это же бред полный».",3
"Сильный каст, но сценарий подкачал. Жаль, потенциал был огромный.",3
"Фильм оставил меня в состоянии «ну и ладно...».",3
"Очень атмосферно, но сюжет где-то потерялся между красивыми кадрами.",3
"Сериал как дорогой ресторан: выглядит дорого, а на вкус средне.",3
"После просмотра сижу и перевариваю то, что только что увидел.",3
"Необычное кино. Либо полюбишь, либо возненавидишь с первого взгляда.",3
"Смешал всё в кучу — и драму, и юмор, и треш. Получилось интересно.",3
"Фильм вызывает желание обсудить его часами с кем-нибудь.",3
"Сильный визуал, но по содержанию довольно пустовато.",3
"После этого фильма долго не мог заснуть — думал о смысле.",3
"Очень амбициозный проект, который удался процентов на 70.",3
"Смотрел с интересом, но концовка подкачала.",3
"Фильм как эксперимент: смелый, но результат спорный.",3
"Необычное кино, которое точно стоит посмотреть хотя бы раз.",3
"Смешанные эмоции на уровне «я в шоке, но в хорошем смысле».",3
"После просмотра хочется написать длинный пост, но я просто молчу.",3
"Фильм оставил странное, но приятное послевкусие.",1
"Сериал имеет все шансы стать культовым... или провалиться с треском.",3
"Очень стильное кино с довольно спорным содержанием.",3
"Смотрел и ловил себя на мысли «это реально круто» и «это что вообще».",3
"Фильм вызывает желание поставить 8, но потом думаешь — нет, всё-таки 6.",3
"Необычный фильм, который точно не оставит равнодушным.",3
"Сильные эмоции, но не всегда приятные. Запомнится надолго.",3
"Красивая обёртка, а внутри довольно средне.",3
"После финала сидел и просто хлопал глазами от удивления.",3
"Фильм как загадка: красивая, но ответа так и не нашёл.",1
"Сериал начал мощно, а потом стал экспериментом над моим терпением.",3
"Очень живой и необычный фильм. Таких сейчас мало.",3
"Смотрел с удовольствием, но в конце просто пожал плечами.",3
"Фильм вызывает противоречивые чувства, но точно запомнится.",3
"Необычное кино. Либо влюбишься, либо возненавидишь.",3
"После этого фильма я долго сидел и просто смотрел в стену.",1
"Смешал в одном фильме всё подряд и получилось... по-своему интересно.",3
"Очень атмосферное кино, но сюжет иногда теряется.",3
"Фильм как хороший кофе: сначала бодрит, а потом понимаешь, что мог быть лучше.",3
"Сильный визуал, средний сюжет, смешанные эмоции после просмотра.",3
"Необычный фильм, который точно стоит вашего внимания хотя бы раз.",3
"Смотрел и периодически думал: то ли гениально, то ли просто дорого.",3
"Фильм вызывает желание пересмотреть, чтобы понять, что пропустил.",3
"После просмотра осталось чувство, что меня красиво обманули.",3
"Сериал как американские горки: то восторг, то разочарование.",3
"Очень стильный и красивый фильм с довольно слабым эмоциональным наполнением.",3
"Фильм оставил меня в лёгком шоке и с кучей вопросов в голове.",3
"Необычное кино, которое либо полюбишь всем сердцем, либо забудешь через день.",3
"Смешанные эмоции на максималках после финальных титров.",1
"Фильм как современное искусство — кто-то в восторге, а я просто стою и чешу затылок.",3
"После этого фильма хочется обсудить его с кем-нибудь умным.",3
"Сильный каст не смог полностью спасти слабоватый сценарий.",3
"Очень амбициозный проект с неоднозначным результатом.",3
"Фильм вызывает желание поставить оценку и сразу же поспорить с ней.",3
"Смотрел с интересом, но после финала осталось ощущение недосказанности.",3
"Необычный, странный, местами гениальный, местами — полный треш.",3
"Фильм как жизнь: иногда огонь, иногда полная хрень.",3
"После просмотра сижу и думаю, что я только что посмотрел.",3
"Сериал имеет потенциал, но пока больше вопросов, чем ответов.",3
"Очень красивый фильм, но по сути довольно пустой.",3
"Фильм вызывает противоречивые чувства, но точно не оставляет равнодушным.",3
"Сильные моменты чередуются со слабыми, как в жизни.",3
"Необычное кино, которое точно запомнится надолго.",1
"После этого фильма я долго не мог переключиться на другой контент.",3
"Фильм как эксперимент режиссёра — смелый, но не всегда удачный.",3
"Смотрел и ловил себя на мысли, что это могло быть шедевром.",3
"Очень живой и эмоциональный фильм с кучей спорных моментов.",3
"Фильм оставил после себя странное, но интересное послевкусие.",3
"Смешанные впечатления, но точно не зря потратил время.",3
"Необычный фильм, который стоит посмотреть хотя бы ради дискуссии.",3
"После финала сидел и просто хлопал глазами от удивления.",3
"Фильм вызывает желание написать рецензию на 5000 символов.",3
"Сериал начал как бомба, а закончил как типичный сезон.",3
"Очень стильное кино с неоднозначным сюжетом.",3
"Фильм как хороший мем: сначала смешно, потом грустно, потом думаешь «зачем я это смотрел».",3
"Необычное кино 2025 года, которое точно стоит вашего внимания.",3
"Херня полная, НИКОМУ не советую!!!",2